Post Title,Subreddit,Score,Upvote Ratio,URL
Rate my new creaking and my friend's wither,Minecraft,1,1.0,https://www.reddit.com/gallery/1fwrhih
How to update World from 1.20 to 1.21 Bedrock (ps5),Minecraft,1,1.0,https://www.reddit.com/r/Minecraft/comments/1fwrgsd/how_to_update_world_from_120_to_121_bedrock_ps5/
"Nahh, this can’t be happening",Minecraft,1,1.0,https://i.redd.it/y48a4vka5ysd1.jpeg
why dont they do this,Minecraft,2,1.0,https://v.redd.it/izbh5kh75ysd1
"Finally, I successfully converted my 3 years old Bedrock world to Java. Now I will be able to play with shaders!",Minecraft,1,1.0,https://v.redd.it/bhi1dnxv3ysd1
"How is this song called, I waited for all the song to finish before entering Nether",Minecraft,1,1.0,https://v.redd.it/ir62ja8l4ysd1
Ranting about pe players playing pvp gamemodes,Minecraft,1,1.0,https://www.reddit.com/r/Minecraft/comments/1fwrat7/ranting_about_pe_players_playing_pvp_gamemodes/
"Weird text display after making modpack, does not go away after tweaking settings, need help to remove",Minecraft,1,1.0,https://www.reddit.com/r/Minecraft/comments/1fwraqg/weird_text_display_after_making_modpack_does_not/
Older times where simpler or were they? (Film making),Minecraft,2,1.0,https://v.redd.it/ry89juaj3ysd1
I found a phantom membrane on the floor but I was playing peaceful,Minecraft,1,1.0,https://www.reddit.com/r/Minecraft/comments/1fwr9gg/i_found_a_phantom_membrane_on_the_floor_but_i_was/
Does f5 work on creaking?,Minecraft,1,1.0,https://www.reddit.com/r/Minecraft/comments/1fwrixq/does_f5_work_on_creaking/
Rate my new creaking and my friend's wither,Minecraft,1,1.0,https://www.reddit.com/gallery/1fwrhih
How to update World from 1.20 to 1.21 Bedrock (ps5),Minecraft,1,1.0,https://www.reddit.com/r/Minecraft/comments/1fwrgsd/how_to_update_world_from_120_to_121_bedrock_ps5/
"Nahh, this can’t be happening",Minecraft,1,0.67,https://i.redd.it/y48a4vka5ysd1.jpeg
why dont they do this,Minecraft,1,0.67,https://v.redd.it/izbh5kh75ysd1
"Finally, I successfully converted my 3 years old Bedrock world to Java. Now I will be able to play with shaders!",Minecraft,1,1.0,https://v.redd.it/bhi1dnxv3ysd1
"How is this song called, I waited for all the song to finish before entering Nether",Minecraft,1,1.0,https://v.redd.it/ir62ja8l4ysd1
Ranting about pe players playing pvp gamemodes,Minecraft,1,1.0,https://www.reddit.com/r/Minecraft/comments/1fwrat7/ranting_about_pe_players_playing_pvp_gamemodes/
"Weird text display after making modpack, does not go away after tweaking settings, need help to remove",Minecraft,1,1.0,https://www.reddit.com/r/Minecraft/comments/1fwraqg/weird_text_display_after_making_modpack_does_not/
Older times where simpler or were they? (Film making),Minecraft,2,1.0,https://v.redd.it/ry89juaj3ysd1
